,obsHistID,requestID,propID,fieldID,fieldRA,fieldDec,filter,expDate,expMJD,night,visitTime,visitExpTime,FWHMgeom,FWHMeff,airmass,filtSkyBright,lst,altitude,azimuth,dist2Moon,solarElong,moonRA,moonDec,moonAlt,moonAZ,moonPhase,sunAlt,sunAz,slewDist,slewTime,fiveSigmaDepth,totalRequestsTonight,metricValue,subprogram
0,1,117,1,469,2.758337723,0.079412481,g,10382581,58239.16877,120,30,30,2.170270684,2.170270684,1.145881868,19.03053665,2.843792688,1.060685313,3.30824164,1.345761493,117.4250766,4.074457084,-0.254379796,0.127687866,1.970842035,98.48341146,-0.321004825,5.290404843,,,20.82360825,2,0.78372725,all_sky
1,2,150,1,522,2.878912922,0.205076187,g,10382623,58239.16926,120,30,30,2.090952487,2.090952487,1.076936958,19.07860374,2.846863107,1.190512875,3.045885493,1.270301342,120.9985478,4.074550022,-0.254417505,0.129954726,1.972635033,98.48341146,-0.323143805,5.292557686,0.173255022,12.10601418,20.9031701,2,0.874786474,all_sky
2,3,118,1,470,2.877749311,0.079412481,g,10382662,58239.1697,120,30,30,2.166860268,2.166860268,1.142882329,19.05522919,2.849677095,1.065395988,3.075265515,1.231876054,123.8169705,4.074635096,-0.254452055,0.132030792,1.974280766,98.48341146,-0.325101488,5.294535012,0.125668978,8.589466384,20.83277116,2,0.793711545,all_sky
3,4,119,1,471,2.997160898,0.079412481,g,10382703,58239.17018,120,30,30,2.179983855,2.179983855,1.154442047,18.98898888,2.852701877,1.047585506,2.841762854,1.118682143,130.111939,4.074726434,-0.254489184,0.134260792,1.976052444,98.48341146,-0.327202971,5.296665044,0.119034815,11.48016354,20.80926344,2,0.768348177,all_sky
4,5,151,1,523,3.005887545,0.205076187,g,10382742,58239.17063,120,30,30,2.103515249,2.103515249,1.087742544,19.01236343,2.855515866,1.166387555,2.748479006,1.154257653,127.3184966,4.074811304,-0.254523715,0.136333907,1.977703149,98.48341146,-0.329155341,5.298650924,0.125959861,8.589466384,20.87964663,2,0.846813901,all_sky
5,6,185,1,574,3.024148226,0.330739893,g,10382782,58239.1711,120,30,30,2.053777786,2.053777786,1.045215306,19.14939308,2.858468186,1.275584991,2.559467836,1.188427076,124.3644571,4.074900242,-0.254559935,0.138507391,1.979437601,98.48341146,-0.331200912,5.300738889,0.126889527,10.48647287,20.92993436,2,0.907738208,all_sky
6,7,152,1,524,3.132862168,0.205076187,g,10382821,58239.17155,120,30,30,2.13308861,2.13308861,1.113349457,18.81646156,2.861304258,1.115636059,2.490069313,1.040297805,133.383083,4.074985576,-0.254594719,0.140593798,1.981106282,98.48341146,-0.33316325,5.302748961,0.163595233,8.89230638,20.80987405,2,0.768996613,all_sky
7,8,672,3,624,3.15952469,0.456403599,g,10382869,58239.1721,120,30,30,2.051364771,2.051364771,1.043169375,19.1636219,2.864763575,1.282104388,1.949676262,1.139140827,125.3326789,4.075089528,-0.254637134,0.14313671,1.983145036,98.48341146,-0.335553236,5.305206519,0.252580372,17.43914405,20.93514083,2,0.914291107,AH_1DC
8,9,252,1,671,3.149796923,0.582067306,g,10382914,58239.17263,120,30,30,2.034791545,2.034791545,1.02916075,19.20762444,2.868093637,1.332178129,1.499749206,1.215562692,119.8244209,4.075189457,-0.254677951,0.14558252,1.985111135,98.48341146,-0.337850176,5.30757826,0.125946456,15.66659706,20.95123009,2,0.934841655,all_sky
9,10,473,2,717,3.505787192,0.707731012,g,10382960,58239.17315,120,30,30,2.178317075,2.178317075,1.152971309,19.00110817,2.871404891,1.049801159,1.14435315,1.097859382,122.2284634,4.075288686,-0.254718525,0.148012475,1.987069582,98.48341146,-0.340130478,5.309942481,0.310046948,15.408696,20.8139169,6,0.773303792,high_cadence
10,11,484,2,757,3.573117283,0.833394718,g,10383001,58239.17363,120,30,30,2.226970121,2.226970121,1.196209712,19.0457859,2.874412545,0.989904943,0.915052865,1.176880451,116.1561672,4.0753787,-0.254755368,0.150217857,1.988851466,98.48341146,-0.342198519,5.312095034,0.13458487,11.24528185,20.82712117,6,0.787540146,high_cadence
11,12,483,2,756,3.402516759,0.833394718,g,10383042,58239.1741,120,30,30,2.141677292,2.141677292,1.12083081,19.08488846,2.877394051,1.102182737,0.851642906,1.242656852,113.9646149,4.075467821,-0.254791879,0.152402385,1.990620699,98.48341146,-0.34424557,5.314233689,0.114629827,10.88670319,20.90328845,6,0.874929518,high_cadence
12,13,702,3,757,3.573117283,0.833394718,g,10383083,58239.17458,120,30,30,2.22352689,2.22352689,1.193128767,19.0457859,2.880375556,0.993850494,0.91368121,1.177009253,116.1557331,4.075556834,-0.254828379,0.154585231,1.992392777,98.48341146,-0.346289607,5.316377159,0.114629827,10.88670319,20.82712117,2,0.787540146,AH_1DC
13,14,474,2,718,3.656179073,0.707731012,g,10383124,58239.17505,120,30,30,2.269027247,2.269027247,1.234097651,18.84672928,2.883383249,0.944678625,1.142244497,1.038294972,123.9112941,4.075646517,-0.25486519,0.156785534,1.99418332,98.48341146,-0.348348527,5.318544358,0.139012364,11.24580866,20.75522656,6,0.713076193,high_cadence
14,15,318,1,757,3.573117283,0.833394718,g,10383165,58239.17553,120,30,30,2.22009156,2.22009156,1.19005806,19.0457859,2.886392453,0.997827395,0.912247711,1.17713904,116.155295,4.075736135,-0.254902007,0.15898521,1.995977698,98.48341146,-0.35040538,5.320717594,0.139012364,11.26655094,20.82712117,2,0.787540146,all_sky
15,16,317,1,756,3.402516759,0.833394718,g,10383206,58239.176,120,30,30,2.136845002,2.136845002,1.116619076,19.08488846,2.889373959,1.109689457,0.845037113,1.242941245,113.9635552,4.075824819,-0.254938475,0.161162917,1.997758472,98.48341146,-0.352440224,5.32287573,0.114629827,10.88670319,20.90328845,2,0.874929518,all_sky
16,17,496,2,791,3.532565954,0.959058424,g,10383246,58239.17646,120,30,30,2.229714598,2.229714598,1.1986677,19.12436676,2.892271764,0.986788531,0.676874109,1.298183228,108.8269498,4.075910909,-0.254973908,0.163277838,1.999492049,98.48341146,-0.354414992,5.324977978,0.149444109,9.738881018,20.85396659,6,0.817297091,high_cadence
17,18,506,2,821,3.607013846,1.08472213,g,10383286,58239.17692,120,30,30,2.319050471,2.319050471,1.279775155,19.02199364,2.89515936,0.896885739,0.514352111,1.389566507,102.3569302,4.075996593,-0.255009206,0.16538368,2.001222276,98.48341146,-0.356379895,5.327077445,0.131460072,9.598872347,20.76286783,6,0.72064387,high_cadence
18,19,711,3,791,3.532565954,0.959058424,g,10383325,58239.17738,120,30,30,2.227057849,2.227057849,1.196288251,19.12436676,2.89804651,0.989804938,0.67433576,1.298301457,108.8265365,4.076082163,-0.255044488,0.167487563,2.002955004,98.48341146,-0.358341577,5.329181224,0.131460072,9.592768753,20.85396659,2,0.817297091,AH_1DC
19,20,701,3,756,3.402516759,0.833394718,g,10383365,58239.17784,120,30,30,2.132301179,2.132301179,1.112664552,19.08488846,2.900941963,1.11689536,0.838323339,1.243215029,113.962532,4.076167876,-0.255079861,0.169595845,2.004695512,98.48341146,-0.360305954,5.331295729,0.149444109,9.706623128,20.90328845,2,0.874929518,AH_1DC
20,21,343,1,791,3.532565954,0.959058424,g,10383405,58239.1783,120,30,30,2.224423109,2.224423109,1.193930383,19.12436676,2.903836595,0.992819662,0.671741048,1.298419847,108.8261222,4.076253463,-0.255115213,0.171701868,2.006438341,98.48341146,-0.362266811,5.333414334,0.149444109,9.695360774,20.85396659,2,0.817297091,all_sky
21,22,718,3,820,3.374303162,1.08472213,g,10383447,58239.17879,120,30,30,2.229182576,2.229182576,1.198191057,19.03793144,2.906914431,0.987390705,0.396154211,1.448478801,100.4549822,4.076344355,-0.25515279,0.17393935,2.008294584,98.48341146,-0.364348505,5.335672204,0.150061888,12.20772554,20.82350434,2,0.78361475,AH_1DC
22,23,341,1,789,3.148205357,0.959058424,g,10383489,58239.17928,120,30,30,2.107542357,2.107542357,1.091215502,19.01338768,2.910004958,1.159014885,0.352360169,1.44407499,103.148977,4.076435506,-0.25519051,0.176184146,2.010161722,98.48341146,-0.366435376,5.337944776,0.171754188,12.38176173,20.87942401,2,0.846553495,all_sky
23,24,699,3,754,3.073532841,0.833394718,g,10383528,58239.17972,120,30,30,2.047793348,2.047793348,1.040144205,19.15234184,2.912818947,1.292064581,0.41371751,1.407027664,106.9559725,4.0765184,-0.255224844,0.178226402,2.011864632,98.48341146,-0.368332529,5.34001872,0.133975775,8.589466384,20.9308759,2,0.908919746,AH_1DC
24,25,494,2,789,3.148205357,0.959058424,g,10383566,58239.18017,120,30,30,2.106657091,2.106657091,1.090451673,19.01338768,2.915632936,1.160621662,0.34531764,1.444210133,103.1484269,4.076601198,-0.255259168,0.18026705,2.013570267,98.48341146,-0.370226821,5.34209718,0.133975775,8.589466386,20.87942401,6,0.846553495,high_cadence
25,26,315,1,754,3.073532841,0.833394718,g,10383605,58239.18062,120,30,30,2.047140367,2.047140367,1.039591478,19.15234184,2.918446924,1.293928481,0.401679018,1.407175847,106.9553458,4.076683901,-0.255293481,0.182306083,2.015278642,98.48341146,-0.372118238,5.344180175,0.133975775,8.589466384,20.9308759,2,0.908919746,all_sky
26,27,709,3,789,3.148205357,0.959058424,g,10383643,58239.18106,120,30,30,2.105793201,2.105793201,1.089706494,19.01338768,2.921260913,1.162197133,0.338204955,1.444345072,103.1478768,4.076766507,-0.255327783,0.184343491,2.016989773,98.48341146,-0.374006766,5.346267724,0.133975775,8.589466384,20.87942401,2,0.846553495,AH_1DC
27,28,380,1,842,2.842393303,1.210385836,g,10383688,58239.18158,120,30,30,2.270933148,2.270933148,1.235825797,19.01670074,2.924489554,0.942747571,6.237019053,1.694854783,87.28089455,4.076861168,-0.255367127,0.186679105,2.01895646,98.48341146,-0.376169998,5.348668514,0.286685496,14.27577744,20.81421023,2,0.773617233,all_sky
28,29,707,3,787,2.766795938,0.959058424,g,10383729,58239.18206,120,30,30,2.096336007,2.096336007,1.081562192,19.06703949,2.927532782,1.179954115,6.046605943,1.63444368,93.99074726,4.076950277,-0.255404199,0.188878609,2.020813566,98.48341146,-0.37820548,5.350936965,0.253642946,11.73312629,20.8989775,2,0.8697341,AH_1DC
29,30,360,1,817,2.676171462,1.08472213,g,10383768,58239.18251,120,30,30,2.181727798,2.181727798,1.155981674,19.03518295,2.93034677,1.045281157,6.051297908,1.71827565,87.94098678,4.077032575,-0.255438467,0.190910709,2.022533699,98.48341146,-0.380084578,5.353039338,0.134161995,8.589466384,20.82524321,2,0.785499523,all_sky
30,31,379,1,841,2.543194128,1.211607567,g,10383808,58239.18297,120,30,30,2.307709282,2.307709282,1.269361052,19.00148392,2.933243834,0.907225593,6.067234611,1.796739313,82.00852611,4.077117202,-0.255473735,0.193001062,2.024307561,98.48341146,-0.382016068,5.355208614,0.137869192,9.728711246,20.80733136,2,0.766299979,all_sky
31,32,359,1,816,2.443460953,1.08472213,g,10383848,58239.18343,120,30,30,2.233998775,2.233998775,1.202508694,19.09334564,2.936180972,0.981973108,5.877896117,1.825426524,82.22567666,4.077202897,-0.255509479,0.195118521,2.02610903,98.48341146,-0.383971065,5.357412927,0.133178644,10.2782647,20.84336173,2,0.805410043,all_sky
32,33,715,3,817,2.676171462,1.08472213,g,10383891,58239.18392,120,30,30,2.183054028,2.183054028,1.157153076,19.03518295,2.939283548,1.043538131,6.043720836,1.718489331,87.9400434,4.077293307,-0.255547223,0.197353259,2.028015345,98.48341146,-0.386032651,5.359746922,0.108520777,12.54700394,20.82524321,2,0.785499523,AH_1DC
33,34,339,1,787,2.766795938,0.959058424,g,10383929,58239.18437,120,30,30,2.097883747,2.097883747,1.082893394,19.06703949,2.942097537,1.176981382,6.026104006,1.63481961,93.98907983,4.077375207,-0.255581445,0.199378352,2.02974736,98.48341146,-0.387899326,5.361868746,0.134161995,8.589466386,20.8989775,2,0.8697341,all_sky
34,35,504,2,819,3.141592654,1.08472213,g,10383975,58239.1849,120,30,30,2.175244277,2.175244277,1.150261892,18.96856117,2.945440222,1.053920405,0.189816641,1.526239876,97.28362111,4.077472371,-0.255622082,0.20178171,2.031808538,98.48341146,-0.390112796,5.364395335,0.230768458,15.839708,20.80170442,6,0.760365931,high_cadence
35,36,505,2,820,3.374303162,1.08472213,g,10384018,58239.18539,120,30,30,2.21790226,2.21790226,1.188102782,19.03793144,2.948542798,1.000383303,0.369474283,1.449320193,100.4518034,4.077562436,-0.255659786,0.204010271,2.033725326,98.48341146,-0.392163442,5.366746403,0.108520777,12.54700394,20.82350434,6,0.78361475,high_cadence
36,37,495,2,790,3.340385655,0.959058424,g,10384057,58239.18585,120,30,30,2.139287674,2.139287674,1.11874727,19.04074097,2.951400156,1.105875196,0.513548169,1.365028146,106.5082647,4.07764528,-0.255694498,0.206060841,2.035493757,98.48341146,-0.394048734,5.368916752,0.126888902,9.184210317,20.82826266,6,0.788783103,high_cadence
37,38,363,1,820,3.374303162,1.08472213,g,10384096,58239.1863,120,30,30,2.216441473,2.216441473,1.18679886,19.03793144,2.954256148,1.002098145,0.365661144,1.449435041,100.4513672,4.077727988,-0.255729181,0.208108644,2.037264368,98.48341146,-0.395929966,5.371090971,0.126888902,9.165466316,20.82350434,2,0.78361475,all_sky
38,39,316,1,755,3.238024713,0.833394718,g,10384138,58239.18679,120,30,30,2.067209605,2.067209605,1.056633067,19.15505028,2.957316966,1.241909067,0.625698489,1.32115342,110.8668269,4.07781652,-0.255766339,0.21030132,2.039165341,98.48341146,-0.397942595,5.37342659,0.262782344,11.974353,20.93034664,2,0.908255387,all_sky
39,40,284,1,714,3.054611901,0.707731012,g,10384179,58239.18726,120,30,30,2.012994643,2.012994643,1.010852305,19.27398682,2.960325054,1.424133029,0.537657458,1.350806377,111.6078585,4.077903417,-0.255802843,0.212454201,2.041036988,98.48341146,-0.399916982,5.375727505,0.181657941,11.25123407,20.97485964,2,0.965863567,all_sky
40,41,186,1,575,3.147249266,0.330739893,g,10384254,58239.18813,120,30,30,2.056616536,2.056616536,1.047624258,18.70417404,2.965779,1.268115124,2.515757968,1.087952321,129.6733261,4.078060696,-0.255868994,0.216352433,2.044439176,98.48341146,-0.403487645,5.379913345,0.385275194,44.79237326,20.77415402,2,0.731968534,all_sky
41,42,670,3,525,3.259836791,0.201934594,g,10384293,58239.18858,120,30,30,2.141256271,2.141256271,1.120463603,18.25515938,2.968625236,1.102830549,2.457129969,0.930962876,139.1782611,4.078142634,-0.255903499,0.218384139,2.046219159,98.48341146,-0.405346375,5.38210503,0.168427459,9.03168102,20.6133956,2,0.586188593,AH_1DC
42,43,187,1,576,3.27056498,0.330739893,g,10384334,58239.18906,120,30,30,2.086169946,2.086169946,1.072834707,18.41417885,2.971609952,1.200195858,2.247497244,0.988092964,134.5673659,4.078228456,-0.25593967,0.220512728,2.048089079,98.48341146,-0.407292068,5.384408705,0.129219754,10.93073353,20.67156148,2,0.635238608,all_sky
43,44,188,1,577,3.395545565,0.330739893,g,10384374,58239.18953,120,30,30,2.133607999,2.133607999,1.113801313,18.25515938,2.974568251,1.11480787,2.052951289,0.892189175,138.9177638,4.078313414,-0.255975507,0.222620477,2.049945833,98.48341146,-0.409217014,5.386697421,0.118198803,10.56846405,20.61399849,2,0.586677043,all_sky
44,45,220,1,625,3.290105163,0.456403599,g,10384413,58239.18997,120,30,30,2.056585608,2.056585608,1.047598001,18.52574158,2.977401367,1.2681954,1.922337496,1.046365336,129.8123657,4.07839468,-0.256009815,0.224637157,2.051727194,98.48341146,-0.411057196,5.388894375,0.15891441,8.851767367,20.7118919,2,0.671637814,all_sky
45,46,674,3,626,3.420685811,0.456403599,g,10384453,58239.19043,120,30,30,2.103918305,2.103918305,1.088089938,18.28791046,2.980292669,1.165642247,1.773054425,0.957425666,133.5980571,4.078477517,-0.256044816,0.226693352,2.053548361,98.48341146,-0.412931818,5.391141599,0.117198648,9.649693636,20.62670459,2,0.597066571,AH_1DC
46,47,679,3,672,3.28686269,0.582067306,g,10384495,58239.19092,120,30,30,2.040359524,2.040359524,1.033858667,18.77124596,2.983382725,1.314163754,1.493095993,1.127859437,123.9482847,4.07856594,-0.256082208,0.228888756,2.055498334,98.48341146,-0.414931541,5.393549075,0.171026785,12.37530238,20.79843616,2,0.756940419,AH_1DC
47,48,254,1,673,3.423928283,0.582067306,g,10384535,58239.19139,120,30,30,2.084920053,2.084920053,1.071763636,18.45964813,2.986289499,1.202776409,1.45302847,1.045153289,127.3453629,4.078649016,-0.256117369,0.230951915,2.057336078,98.48341146,-0.416809084,5.395819221,0.114467597,9.861873392,20.68751769,2,0.649397506,all_sky
48,49,681,3,674,3.560994051,0.582067306,g,10384575,58239.19185,120,30,30,2.148452275,2.148452275,1.126746433,18.34507561,2.989196273,1.091915395,1.413185831,0.972867579,129.8476796,4.078731992,-0.256152517,0.233013097,2.059177163,98.48341146,-0.41868315,5.398094684,0.114467743,9.861879032,20.64463403,2,0.612040864,AH_1DC
49,50,474,2,718,3.656179073,0.707731012,g,10384617,58239.19233,120,30,30,2.195559001,2.195559001,1.168221499,18.38700485,2.992265968,1.027486048,1.145207703,1.040636168,123.9039115,4.078819511,-0.256189621,0.235187647,2.061125086,98.48341146,-0.420658459,5.400503479,0.1468182,12.09607846,20.59847892,6,0.574231948,high_cadence
50,51,319,1,758,3.743717806,0.833394718,g,10384658,58239.19281,120,30,30,2.257080142,2.257080142,1.223286849,18.60940742,2.995259805,0.957004218,0.924420441,1.12999401,117.1942064,4.078904761,-0.256225793,0.237306311,2.063028501,98.48341146,-0.422581178,5.402858502,0.140411671,11.05580019,20.67328713,2,0.636754872,all_sky
51,52,484,2,757,3.573117283,0.833394718,g,10384699,58239.19328,120,30,30,2.163042145,2.163042145,1.139527935,18.58226967,2.99824131,1.0707417,0.875281876,1.179518544,116.14715,4.078989555,-0.256261803,0.239414128,2.064927657,98.48341146,-0.424492252,5.405209496,0.114629827,10.88670319,20.66802081,6,0.632138859,high_cadence
52,53,485,2,758,3.743717806,0.833394718,g,10384740,58239.19376,120,30,30,2.253306998,2.253306998,1.219880483,18.60940742,3.001222816,0.960978627,0.923420767,1.13010392,117.1938779,4.079074246,-0.256297798,0.241519817,2.066830405,98.48341146,-0.42639959,5.407566167,0.114629827,10.88670319,20.67328713,6,0.636754872,high_cadence
53,54,712,3,792,3.724746252,0.959058424,g,10384781,58239.19423,120,30,30,2.269543385,2.269543385,1.234565555,18.66666031,3.00420866,0.94415474,0.706958959,1.251940072,109.9629507,4.079158956,-0.256333832,0.243626426,2.06873954,98.48341146,-0.428305938,5.409931979,0.12621691,10.94619434,20.6923103,2,0.653711582,AH_1DC
54,55,703,3,758,3.743717806,0.833394718,g,10384822,58239.1947,120,30,30,2.249568878,2.249568878,1.216509484,18.60940742,3.007195269,0.964956256,0.922377222,1.130213865,117.1935488,4.079243583,-0.25636986,0.245731414,2.070652808,98.48341146,-0.430208986,5.412304136,0.12621691,10.95669177,20.67328713,2,0.636754872,AH_1DC
55,56,497,2,792,3.724746252,0.959058424,g,10384863,58239.19518,120,30,30,2.266364971,2.266364971,1.231685293,18.66666031,3.010182644,0.947391992,0.704981067,1.252044862,109.9626194,4.079328128,-0.256405884,0.247834769,2.072570229,98.48341146,-0.432108711,5.414682664,0.12621691,10.96719078,20.6923103,6,0.653711582,high_cadence
56,57,507,2,822,3.839724354,1.08472213,g,10384902,58239.19563,120,30,30,2.376433921,2.376433921,1.332988017,18.58561707,3.013057437,0.848355868,0.549274625,1.354374995,102.8607135,4.079409389,-0.256440536,0.249856793,2.074418867,98.48341146,-0.433933225,5.416977014,0.139084768,9.423293008,20.60758249,6,0.581499699,high_cadence
57,58,344,1,792,3.724746252,0.959058424,g,10384942,58239.19609,120,30,30,2.263337743,2.263337743,1.228944537,18.66666031,3.01593177,0.950500218,0.703035089,1.252145586,109.9623005,4.079490541,-0.256475169,0.25187646,2.076270637,98.48341146,-0.435753883,5.419276372,0.139084768,9.417001244,20.6923103,2,0.653711582,all_sky
58,59,719,3,821,3.607013846,1.08472213,g,10384983,58239.19657,120,30,30,2.268219544,2.268219544,1.233365571,18.66666031,3.018956803,0.945499853,0.462100499,1.391779272,102.3492719,4.079575845,-0.256511603,0.253999807,2.078223213,98.48341146,-0.437666127,5.421702106,0.139702185,11.48360598,20.69193164,2,0.653369692,AH_1DC
59,60,496,2,791,3.532565954,0.959058424,g,10385022,58239.19702,120,30,30,2.176847316,2.176847316,1.151675041,18.64331245,3.02181488,1.051765808,0.607083681,1.300798341,108.8176782,4.079656343,-0.256546013,0.25600387,2.080071548,98.48341146,-0.439469167,5.423999466,0.131460072,9.194081308,20.68819356,6,0.650004161,high_cadence
60,61,364,1,821,3.607013846,1.08472213,g,10385062,58239.19748,120,30,30,2.266140018,2.266140018,1.231481544,18.66666031,3.024672009,0.94762212,0.459306864,1.391880063,102.3489184,4.07973672,-0.256580398,0.258005224,2.081922706,98.48341146,-0.441268031,5.426301427,0.131460072,9.181057544,20.69193164,2,0.653369692,all_sky
61,62,383,1,845,3.739991179,1.210385836,g,10385101,58239.19794,120,30,30,2.400492838,2.400492838,1.355555692,18.4558773,3.027569072,0.829664404,0.350525163,1.486565265,95.63092043,4.079818124,-0.256615249,0.260032453,2.083803267,98.48341146,-0.443088369,5.428641059,0.136779673,9.728711244,20.56053745,2,0.5449071,all_sky
62,63,506,2,821,3.607013846,1.08472213,g,10385141,58239.1984,120,30,30,2.264055129,2.264055129,1.229593815,18.66666031,3.030466136,0.949761414,0.456439063,1.39198212,102.3485599,4.079899432,-0.256650087,0.262057557,2.085687397,98.48341146,-0.444904991,5.430986243,0.136779673,9.728711246,20.69193164,6,0.653369692,high_cadence
63,64,495,2,790,3.340385655,0.959058424,g,10385184,58239.1989,120,30,30,2.119979088,2.119979088,1.101968809,18.66344643,3.033627989,1.137214352,0.431822073,1.366835742,106.5012079,4.07998806,-0.256688092,0.264265317,2.087747829,98.48341146,-0.446883391,5.433552132,0.186631701,13.35988269,20.75639046,6,0.714223733,high_cadence
64,65,494,2,789,3.148205357,0.959058424,g,10385226,58239.19938,120,30,30,2.092731711,2.092731711,1.078464696,18.58702469,3.036668906,1.186984682,0.178324899,1.447066812,103.1365952,4.080073191,-0.256724628,0.266386218,2.089733506,98.48341146,-0.448781902,5.436026161,0.110253497,11.701441,20.73097362,6,0.689579229,high_cadence
65,66,504,2,819,3.141592654,1.08472213,g,10385265,58239.19983,120,30,30,2.166853873,2.166853873,1.142876708,18.55687714,3.039482895,1.065404877,0.102827716,1.528269171,97.27528427,4.080151874,-0.256758423,0.268346726,2.09157456,98.48341146,-0.450535032,5.438321071,0.125710499,8.589466384,20.65828537,6,0.623693507,high_cadence
66,67,722,3,843,3.141592654,1.210385836,g,10385303,58239.20028,120,30,30,2.272051463,2.272051463,1.236840262,18.53562164,3.042296883,0.941618889,0.062202722,1.606891944,91.50470766,4.080230466,-0.256792205,0.270305184,2.09341905,98.48341146,-0.452284585,5.44062129,0.125663706,8.589466384,20.6456907,2,0.612935001,AH_1DC
67,68,717,3,819,3.141592654,1.08472213,g,10385342,58239.20072,120,30,30,2.166515998,2.166515998,1.14257971,18.55687714,3.045110872,1.065874848,0.097464577,1.528389043,97.27478535,4.080308968,-0.256825973,0.27226158,2.095266992,98.48341146,-0.454030542,5.442926835,0.125663706,8.589466386,20.65828537,2,0.623693507,AH_1DC
68,69,361,1,818,2.908882145,1.08472213,g,10385384,58239.20121,120,30,30,2.168865669,2.168865669,1.144645744,18.58345222,3.048213449,1.062618788,6.153702185,1.619761151,93.02792168,4.080395416,-0.256863188,0.274416213,2.097308472,98.48341146,-0.455951367,5.445475018,0.108520777,12.54700394,20.66759972,2,0.631771208,all_sky
69,70,381,1,843,3.141592654,1.210385836,g,10385427,58239.20171,120,30,30,2.271607138,2.271607138,1.236437158,18.53562164,3.051316025,0.942066946,0.05682539,1.60706484,91.503996,4.080481754,-0.256900387,0.276568313,2.099354192,98.48341146,-0.457867775,5.448029718,0.157171802,12.54700394,20.6456907,2,0.612935001,all_sky
70,71,716,3,818,2.908882145,1.08472213,g,10385470,58239.2022,120,30,30,2.169362002,2.169362002,1.145082353,18.58345222,3.054418602,1.061934626,6.147897408,1.619900194,93.02731115,4.080567982,-0.256937569,0.278717864,2.101404172,98.48341146,-0.459779744,5.450590957,0.157171802,12.54700394,20.66759972,2,0.631771208,AH_1DC
71,72,362,1,819,3.141592654,1.08472213,g,10385512,58239.20269,120,30,30,2.165836147,2.165836147,1.141982205,18.55687714,3.057521179,1.0668223,0.08559126,1.528652742,97.27368516,4.080654101,-0.256974734,0.280864852,2.103458436,98.48341146,-0.461687249,5.453158756,0.108520777,12.54700394,20.65828537,2,0.623693507,all_sky
72,73,342,1,790,3.340385655,0.959058424,g,10385555,58239.20319,120,30,30,2.114666556,2.114666556,1.097370216,18.66344643,3.060663732,1.146356334,0.401539939,1.367421592,106.4988875,4.080741219,-0.25701236,0.283036876,2.105543557,98.48341146,-0.463614757,5.455766352,0.162468452,13.0952202,20.75639046,2,0.714223733,all_sky
73,74,505,2,820,3.374303162,1.08472213,g,10385594,58239.20364,120,30,30,2.192477179,2.192477179,1.165489799,18.5321846,3.063477721,1.031379504,0.285873679,1.45160083,100.4430265,4.080819133,-0.257046038,0.284979549,2.107414439,98.48341146,-0.46533681,5.458107065,0.126888902,8.589466384,20.64809428,6,0.614973732,high_cadence
74,75,710,3,790,3.340385655,0.959058424,g,10385632,58239.20408,120,30,30,2.113623992,2.113623992,1.096468663,18.66344643,3.066291709,1.148179481,0.395023214,1.367543017,106.4984045,4.080896957,-0.257079701,0.286920078,2.109288898,98.48341146,-0.467055132,5.460453228,0.126888902,8.589466386,20.75639046,2,0.714223733,AH_1DC
75,76,483,2,756,3.402516759,0.833394718,g,10385675,58239.20458,120,30,30,2.079056354,2.079056354,1.066744575,18.67346001,3.069410416,1.21517842,0.693513555,1.247108596,113.9476282,4.080983105,-0.257116994,0.289068221,2.111370533,98.48341146,-0.468955147,5.463059836,0.131474663,12.7681987,20.76137829,6,0.719162398,high_cadence
76,77,472,2,716,3.355395487,0.707731012,g,10385718,58239.20507,120,30,30,2.041429491,2.041429491,1.03476242,18.67988014,3.072529169,1.310856358,0.992009925,1.176222384,119.5073652,4.081069144,-0.257154269,0.291213732,2.113456635,98.48341146,-0.470850561,5.465673217,0.130110123,12.76883448,20.76538409,6,0.723153432,high_cadence
77,78,287,1,717,3.505787192,0.707731012,g,10385758,58239.20554,120,30,30,2.084391398,2.084391398,1.071310745,18.59487724,3.075466629,1.20387434,1.101133474,1.102669168,122.2110379,4.081150081,-0.257189361,0.293232075,2.115425548,98.48341146,-0.472631539,5.468140862,0.114227903,10.28267742,20.73327512,2,0.691775333,all_sky
78,79,690,3,716,3.355395487,0.707731012,g,10385798,58239.20601,120,30,30,2.040105812,2.040105812,1.033644415,18.67988014,3.078404088,1.314954821,0.985009228,1.176366621,119.506776,4.081230922,-0.257224438,0.295248027,2.117398435,98.48341146,-0.474408367,5.47061452,0.114227903,10.28267742,20.76538409,2,0.723153432,AH_1DC
79,80,691,3,717,3.505787192,0.707731012,g,10385839,58239.20647,120,30,30,2.082304332,2.082304332,1.069523533,18.59487724,3.081341547,1.208247192,1.098532372,1.102803722,122.2105361,4.081311666,-0.257259499,0.297261576,2.119375314,98.48341146,-0.476181026,5.473094208,0.114227903,10.28267742,20.73327512,2,0.691775333,AH_1DC
80,81,286,1,716,3.355395487,0.707731012,g,10385879,58239.20694,120,30,30,2.038811043,2.038811043,1.032551296,18.67988014,3.084279007,1.319033907,0.977723628,1.176510607,119.5061868,4.081392313,-0.257294544,0.299272708,2.121356204,98.48341146,-0.477949492,5.475579945,0.114227903,10.28267742,20.76538409,2,0.723153432,all_sky
81,82,473,2,717,3.505787192,0.707731012,g,10385919,58239.2074,120,30,30,2.080249425,2.080249425,1.067765026,18.59487724,3.087216466,1.212614118,1.095823121,1.102938055,122.2100343,4.081472864,-0.257329573,0.301281411,2.123341125,98.48341146,-0.479713746,5.478071748,0.114227903,10.28267741,20.73327512,6,0.691775333,high_cadence
82,83,255,1,674,3.560994051,0.582067306,g,10385963,58239.20791,120,30,30,2.098615926,2.098615926,1.083523366,18.34507561,3.090399287,1.175584498,1.443132092,0.975289397,129.8390577,4.081560035,-0.25736751,0.303455139,2.125496414,98.48341146,-0.481620586,5.480778556,0.13315694,13.64742574,20.64463403,2,0.612040864,all_sky
83,84,680,3,673,3.423928283,0.582067306,g,10386003,58239.20837,120,30,30,2.047923389,2.047923389,1.040254295,18.45964813,3.093306062,1.291695021,1.484784398,1.047894584,127.3344747,4.081639547,-0.257402141,0.305437819,2.127468948,98.48341146,-0.483357679,5.483256861,0.114467743,9.861879032,20.68751769,2,0.649397506,AH_1DC
84,85,119,1,471,2.997160898,0.079412481,r,10386210,58239.21078,120,30,30,2.173373073,2.173373073,1.148613221,18.85196495,3.10845071,1.056451209,3.360111131,1.126271396,130.0725492,4.082052298,-0.257582311,0.315728379,2.137811268,98.48341146,-0.492339899,5.496266466,0.640794472,177.6852423,20.61930087,2,0.590990532,all_sky
85,86,118,1,470,2.877749311,0.079412481,r,10386252,58239.21125,120,30,30,2.19932253,2.19932253,1.171560928,18.96719742,3.11145387,1.022784626,3.592176323,1.239578055,123.7766708,4.082133845,-0.257617987,0.317761014,2.139875271,98.48341146,-0.494107289,5.498865784,0.119034815,11.18365806,20.67575694,2,0.638931303,all_sky
86,87,150,1,522,2.878912922,0.205076187,r,10386290,58239.2117,120,30,30,2.120165625,2.120165625,1.102130417,18.99736404,3.114267859,1.136897735,3.704649745,1.278340781,120.9575602,4.082210166,-0.2576514,0.319663188,2.141813249,98.48341146,-0.495759165,5.501307273,0.125668978,8.589466384,20.77736275,2,0.735220573,all_sky
87,88,117,1,469,2.758337723,0.079412481,r,10386330,58239.21215,120,30,30,2.246961744,2.246961744,1.214160606,18.94604301,3.117134514,0.967754526,3.798256861,1.353731624,117.3831202,4.082287826,-0.257685422,0.321598538,2.143791484,98.48341146,-0.497437774,5.503800347,0.173255022,9.311708609,20.66329846,2,0.628028098,all_sky
88,89,149,1,521,2.751938124,0.205076187,r,10386369,58239.21261,120,30,30,2.165984925,2.165984925,1.142112952,19.01399422,3.119989304,1.066614753,3.947498124,1.396398795,114.4538691,4.082365074,-0.257719288,0.323523434,2.145765546,98.48341146,-0.499105219,5.506289024,0.125823061,9.148994269,20.7002406,2,0.660913101,all_sky
89,90,183,1,572,2.777946323,0.330739893,r,10386408,58239.21306,120,30,30,2.098875325,2.098875325,1.083746589,19.038517,3.122856927,1.175091038,4.103339051,1.412192184,112.7879216,4.082442581,-0.257753289,0.325454513,2.147752533,98.48341146,-0.500775902,5.508794853,0.128138112,9.324972881,20.79863785,2,0.757151363,all_sky
90,91,182,1,571,2.654845458,0.330739893,r,10386448,58239.21352,120,30,30,2.154045975,2.154045975,1.131639994,19.02474976,3.125771484,1.083652095,4.28339711,1.523092722,106.7158097,4.082521264,-0.257787831,0.327414648,2.14977622,98.48341146,-0.502469536,5.511347836,0.116421321,9.968606241,20.7060247,2,0.666215634,all_sky
91,92,216,1,621,2.767783096,0.456403599,r,10386487,58239.21398,120,30,30,2.069411728,2.069411728,1.058509721,19.05980682,3.128618629,1.236753107,4.415135452,1.463158231,109.0112973,4.082598037,-0.257821558,0.329326953,2.151757185,98.48341146,-0.5041197,5.513847764,0.16323922,9.044159371,20.81037182,2,0.769525636,all_sky
92,93,215,1,620,2.637202448,0.456403599,r,10386527,58239.21444,120,30,30,2.125314311,2.125314311,1.106594783,19.02474976,3.131509931,1.12827103,4.550782444,1.574665631,102.9837779,4.082675911,-0.257855791,0.331266379,2.153773023,98.48341146,-0.505791089,5.51639254,0.117198648,9.649693636,20.79083294,2,0.749030956,all_sky
93,94,249,1,668,2.738599794,0.582067306,r,10386569,58239.21492,120,30,30,2.066211971,2.066211971,1.055783319,19.07098389,3.134570743,1.244275588,4.815610663,1.529470848,104.2740141,4.082758252,-0.257892014,0.333316709,2.155911623,98.48341146,-0.50755565,5.5190932,0.153360157,11.97427103,20.81614409,2,0.775686892,all_sky
94,95,248,1,667,2.601534201,0.582067306,r,10386609,58239.21538,120,30,30,2.125243386,2.125243386,1.106533235,19.03853607,3.137477517,1.128388424,4.857141854,1.638868799,98.41097134,4.082836356,-0.257926396,0.335261173,2.157946973,98.48341146,-0.509226795,5.521664331,0.114467597,9.861873392,20.79783952,2,0.756316737,all_sky
95,96,675,3,668,2.738599794,0.582067306,r,10386648,58239.21584,120,30,30,2.068256667,2.068256667,1.057525209,19.07098389,3.140384291,1.239446057,4.817329368,1.529633696,104.273188,4.082914368,-0.257960761,0.337203011,2.159986606,98.48341146,-0.510893426,5.524241697,0.114467597,9.861873392,20.81614409,2,0.775686892,AH_1DC
96,97,281,1,711,2.60343661,0.707731012,r,10386692,58239.21635,120,30,30,2.125663602,2.125663602,1.10689791,19.06996346,3.143547043,1.127693475,5.15143353,1.669877112,95.48317776,4.082999146,-0.257998133,0.339312853,2.162210741,98.48341146,-0.512701671,5.527053133,0.165563187,13.37221073,20.81367417,2,0.773044517,all_sky
97,98,283,1,713,2.904220196,0.707731012,r,10386736,58239.21686,120,30,30,2.031354515,2.031354515,1.026265069,19.12586403,3.146766034,1.344068352,5.358484363,1.455773686,106.6595206,4.083085321,-0.258036149,0.341456983,2.16447968,98.48341146,-0.514536525,5.529922178,0.22818122,14.143452,20.84495919,2,0.807189524,all_sky
98,99,697,3,752,2.744549098,0.833394718,r,10386776,58239.21733,120,30,30,2.09643149,2.09643149,1.081644297,19.12922478,3.149724064,1.179769932,5.523392838,1.610109211,97.17156047,4.083164412,-0.258071065,0.343424402,2.166569371,98.48341146,-0.516217672,5.532565424,0.169815374,10.56476869,20.84444122,2,0.806612102,AH_1DC
99,100,687,3,713,2.904220196,0.707731012,r,10386817,58239.2178,120,30,30,2.032478212,2.032478212,1.027211419,19.12586403,3.152682094,1.340108814,5.349036805,1.45593112,106.6587585,4.083243409,-0.258105963,0.34538904,2.168663579,98.48341146,-0.517894046,5.535215191,0.169815374,10.56476869,20.84495919,2,0.807189524,AH_1DC
100,101,338,1,786,2.576122906,0.959058424,r,10386862,58239.21831,120,30,30,2.19987777,2.19987777,1.172053922,19.08106041,3.155946733,1.022095888,5.640294178,1.74537412,88.47370081,4.083330486,-0.258144457,0.347554072,2.170980124,98.48341146,-0.519738614,5.538147201,0.33226479,14.769436,20.73316904,2,0.691673955,all_sky
101,102,360,1,817,2.676171462,1.08472213,r,10386903,58239.2188,120,30,30,2.231141919,2.231141919,1.199946823,19.08106041,3.158979497,0.985177595,5.883245396,1.723576036,87.91685234,4.083411277,-0.258180197,0.349562259,2.173137107,98.48341146,-0.521446908,5.540878112,0.135949482,11.58963065,20.7321128,2,0.690665371,all_sky
102,103,707,3,787,2.766795938,0.959058424,r,10386942,58239.21924,120,30,30,2.138646312,2.138646312,1.118188322,19.1046505,3.161793486,1.106872752,5.772152462,1.64029605,93.96392816,4.083486151,-0.258213343,0.351422922,2.175142794,98.48341146,-0.523027415,5.543418196,0.134161995,8.589466386,20.83083547,2,0.791591793,AH_1DC
103,104,715,3,817,2.676171462,1.08472213,r,10386981,58239.21969,120,30,30,2.23277742,2.23277742,1.201413183,19.08106041,3.164607475,0.983339857,5.879829282,1.723702145,87.91625826,4.083560942,-0.258246471,0.353281012,2.177152639,98.48341146,-0.524603516,5.545964235,0.134161995,8.589466384,20.7321128,2,0.690665371,AH_1DC
104,105,380,1,842,2.842393303,1.210385836,r,10387022,58239.22016,120,30,30,2.295057286,2.295057286,1.257783494,19.0246067,3.16760115,0.919089004,6.098596755,1.699802725,87.25935975,4.083640416,-0.258281698,0.355254909,2.179295409,98.48341146,-0.526275398,5.548679402,0.142641231,11.053591,20.70165247,2,0.662203515,all_sky
105,106,689,3,715,3.205003781,0.707731012,r,10387068,58239.2207,120,30,30,2.009799149,2.009799149,1.008179287,19.10464668,3.170999276,1.443329291,0.229518358,1.263209395,115.9088503,4.083730512,-0.25832166,0.357491915,2.181733422,98.48341146,-0.528167053,5.551769595,0.537713345,16.6,20.83512545,2,0.796297354,AH_1DC
106,107,472,2,716,3.355395487,0.707731012,r,10387117,58239.22126,120,30,30,2.022487972,2.022487972,1.018810127,18.98009109,3.174540511,1.37833889,0.818978612,1.178691306,119.4971341,4.083824273,-0.25836328,0.35981907,2.18428065,98.48341146,-0.53013143,5.554999231,0.114227903,18.5625174,20.77236467,6,0.730161287,high_cadence
107,108,483,2,756,3.402516759,0.833394718,r,10387159,58239.22175,120,30,30,2.056795389,2.056795389,1.047776107,19.05049706,3.177620684,1.267651379,0.536561329,1.249516164,113.9380534,4.083905718,-0.25839946,0.361839842,2.186501687,98.48341146,-0.531834257,5.557816113,0.130110123,12.23977766,20.80639956,6,0.765314138,high_cadence
108,109,285,1,715,3.205003781,0.707731012,r,10387203,58239.22226,120,30,30,2.009548166,2.009548166,1.00796946,19.10464668,3.180813122,1.444963973,0.171819606,1.263454413,115.9077481,4.083990028,-0.258436937,0.363930916,2.188809054,98.48341146,-0.533593428,5.560743278,0.189057568,13.77930626,20.83512545,2,0.796297354,all_sky
109,110,700,3,755,3.238024713,0.833394718,r,10387241,58239.22271,120,30,30,2.039304007,2.039304007,1.03296743,19.09958076,3.183627111,1.317472464,0.157331586,1.326594444,110.8439397,4.084064254,-0.258469953,0.36577126,2.190847453,98.48341146,-0.535139207,5.56332988,0.127866637,8.589466384,20.831587,2,0.792414106,AH_1DC
110,111,495,2,790,3.340385655,0.959058424,r,10387280,58239.22315,120,30,30,2.096473906,2.096473906,1.081680771,19.08770943,3.186446114,1.179688147,0.239256739,1.370091621,106.4880916,4.084138529,-0.258503011,0.367612198,2.192893784,98.48341146,-0.53668316,5.565927154,0.140874725,8.658230867,20.82366862,6,0.783792629,high_cadence
111,112,316,1,755,3.238024713,0.833394718,r,10387319,58239.2236,120,30,30,2.039081601,2.039081601,1.032779678,19.09958076,3.189265117,1.318175631,0.142419034,1.326725415,110.8433694,4.084212721,-0.258536052,0.369450434,2.194944437,98.48341146,-0.538222509,5.568530506,0.140874725,8.658230865,20.831587,2,0.792414106,all_sky
112,113,494,2,789,3.148205357,0.959058424,r,10387359,58239.22407,120,30,30,2.088911434,2.088911434,1.075185467,19.12922478,3.192220329,1.194609038,6.220608133,1.450597905,103.1213884,4.084290409,-0.258570671,0.371374575,2.197098833,98.48341146,-0.53983127,5.571266185,0.13752614,10.52612666,20.844806,6,0.807018705,high_cadence
113,114,339,1,787,2.766795938,0.959058424,r,10387405,58239.2246,120,30,30,2.147922917,2.147922917,1.126283772,19.1046505,3.195577744,1.092707205,5.742792192,1.641106199,93.96006038,4.084378561,-0.258609979,0.373556948,2.199552251,98.48341146,-0.541652782,5.574382325,0.218147041,16.04170865,20.83083547,2,0.791591793,all_sky
114,115,706,3,786,2.576122906,0.959058424,r,10387447,58239.22508,120,30,30,2.217868886,2.217868886,1.188072986,19.08106041,3.198600483,1.000422395,5.618587427,1.746415819,88.46859243,4.084457825,-0.258645348,0.375518445,2.201766415,98.48341146,-0.543287051,5.577195257,0.109390549,11.45215767,20.73316904,2,0.691673955,AH_1DC
115,116,337,1,785,2.385450048,0.959058424,r,10387488,58239.22556,120,30,30,2.319884411,2.319884411,1.280542268,19.0246067,3.201623222,0.896135999,5.552510982,1.855048494,82.57573444,4.084536994,-0.258680697,0.377476766,2.203985632,98.48341146,-0.54491592,5.580015229,0.109390449,11.45215289,20.70163335,2,0.662186027,all_sky
116,117,336,1,784,2.194777016,0.959058424,r,10387530,58239.22604,120,30,30,2.460822261,2.460822261,1.412809973,18.89250755,3.204645961,0.786392131,5.526171802,1.964468327,76.42633385,4.08461607,-0.258716026,0.379431894,2.206209922,98.48341146,-0.546539363,5.582842256,0.109390549,11.45215767,20.55836379,2,0.543273192,all_sky
117,118,310,1,749,2.251073309,0.833394718,r,10387570,58239.22651,120,30,30,2.40928432,2.40928432,1.363840022,18.95941353,3.207568766,0.823050921,5.34611932,1.937216536,79.52577378,4.084692441,-0.258750168,0.381319331,2.208365519,98.48341146,-0.548103948,5.585582537,0.13045367,10.08170531,20.59389857,2,0.570609691,all_sky
118,119,311,1,750,2.415565181,0.833394718,r,10387610,58239.22698,120,30,30,2.282230248,2.282230248,1.246089115,19.06746483,3.210537246,0.931491673,5.353582597,1.826866335,85.66571122,4.084769916,-0.258784824,0.383233175,2.210559697,98.48341146,-0.54968774,5.588372415,0.110530484,10.70808426,20.72469479,2,0.683623329,all_sky
119,120,280,1,710,2.45304473,0.707731012,r,10387651,58239.22745,120,30,30,2.25383674,2.25383674,1.220358501,19.04637337,3.213518988,0.960418193,5.1399694,1.783562457,89.41324554,4.084847647,-0.258819615,0.385152418,2.212768662,98.48341146,-0.551273263,5.591181638,0.128494648,10.88994256,20.71528251,2,0.674791348,all_sky
120,121,279,1,709,2.302653025,0.707731012,r,10387692,58239.22792,120,30,30,2.381459538,2.381459538,1.337689605,18.96938133,3.216456448,0.844377172,5.156137487,1.897149566,83.14031698,4.084924134,-0.25885387,0.387040053,2.214949726,98.48341146,-0.552829975,5.593955897,0.114227903,10.28267742,20.60027045,2,0.575654981,all_sky
121,122,245,1,664,2.190337073,0.582067306,r,10387731,58239.22837,120,30,30,2.555090649,2.555090649,1.504159398,18.83778191,3.219313621,0.727257056,5.010638841,1.979826879,79.6742172,4.084998446,-0.258887171,0.388873125,2.217075866,98.48341146,-0.554339105,5.596660772,0.154325174,9.181682976,20.46506021,2,0.477568997,all_sky
122,123,212,1,617,2.245460854,0.456403599,r,10387771,58239.22884,120,30,30,2.555677297,2.555677297,1.504735033,18.80853462,3.222236479,0.726916643,4.831736123,1.921232397,83.91312734,4.08507438,-0.258921218,0.390745289,2.219255686,98.48341146,-0.555877767,5.599434412,0.134445818,10.08242838,20.45065364,2,0.468157716,all_sky
123,124,184,1,573,2.901047362,0.330739893,r,10387823,58239.22944,120,30,30,2.091975364,2.091975364,1.077815149,18.97105598,3.226048427,1.188479755,4.068594208,1.306050076,118.6618896,4.085173282,-0.258965593,0.39318228,2.222105905,98.48341146,-0.557876584,5.603061775,0.616148327,22.274936,20.76478765,2,0.722557795,all_sky
124,125,671,3,623,3.028944042,0.456403599,r,10387863,58239.2299,120,30,30,2.02744636,2.02744636,1.022976433,19.00985336,3.228933213,1.358452459,4.119559722,1.251216519,120.2404272,4.085248031,-0.258999153,0.395023007,2.224268416,98.48341146,-0.559383274,5.605814421,0.172373523,9.560338778,20.78673071,2,0.744797867,AH_1DC
125,126,217,1,622,2.898363569,0.456403599,r,10387904,58239.23038,120,30,30,2.060482773,2.060482773,1.050908699,19.01974678,3.231978096,1.258262176,4.379059447,1.357085621,114.7779233,4.085326837,-0.259034556,0.396962574,2.226556138,98.48341146,-0.56096798,5.6087269,0.117198492,11.75582685,20.79033121,2,0.748511933,all_sky
126,127,678,3,671,3.149796923,0.582067306,r,10387948,58239.23088,120,30,30,2.002771895,2.002771895,1.002310979,19.00920486,3.235128034,1.502876706,4.707146848,1.225690676,119.7785403,4.085408263,-0.259071157,0.398965458,2.228928429,98.48341146,-0.562601278,5.611747514,0.251509898,13.19648452,20.78748462,2,0.745574031,AH_1DC
127,128,251,1,670,3.01273133,0.582067306,r,10387988,58239.23134,120,30,30,2.020682355,2.020682355,1.017294639,19.04330826,3.238034808,1.38613984,4.763243925,1.323365152,115.0419825,4.085483315,-0.259104913,0.400810459,2.231122697,98.48341146,-0.564102976,5.614541858,0.114467597,9.86187339,20.8037447,2,0.762512241,all_sky
128,129,676,3,669,2.875665562,0.582067306,r,10388027,58239.2318,120,30,30,2.056020142,2.056020142,1.047117977,19.03906631,3.240941582,1.269667291,4.806295061,1.426002324,109.8346188,4.085558283,-0.25913865,0.402652307,2.233321885,98.48341146,-0.565599356,5.617342843,0.114467743,9.861879034,20.8002527,2,0.758842456,AH_1DC
129,130,686,3,712,2.753828316,0.707731012,r,10388071,58239.23231,120,30,30,2.104199983,2.104199983,1.088332743,19.05718994,3.244136446,1.165122377,5.163355087,1.563522695,101.2442755,4.085640583,-0.259175708,0.404673042,2.235744734,98.48341146,-0.567237877,5.620429103,0.158851724,13.81257397,20.80757987,2,0.766563117,AH_1DC
130,131,312,1,751,2.580057052,0.833394718,r,10388112,58239.23279,120,30,30,2.204603935,2.204603935,1.176253615,19.05323029,3.247124621,1.016283007,5.378539988,1.7187489,91.57233811,4.085717466,-0.259210347,0.406559563,2.23801626,98.48341146,-0.568764525,5.623322978,0.176748805,10.97815614,20.71828195,2,0.677593406,all_sky
131,132,359,1,816,2.443460953,1.08472213,r,10388156,58239.23329,120,30,30,2.36143148,2.36143148,1.318992283,18.9387188,3.250329507,0.860478319,5.741538262,1.832709405,82.19103341,4.085799826,-0.259247475,0.408579135,2.240458372,98.48341146,-0.570395553,5.626434554,0.26283458,13.95002585,20.58297607,2,0.562063836,all_sky
132,133,379,1,841,2.543194128,1.211607567,r,10388197,58239.23376,120,30,30,2.397502085,2.397502085,1.352742069,18.92962074,3.253282602,0.831939978,5.937457502,1.803346295,81.97816471,4.085875626,-0.259281665,0.410436571,2.242713997,98.48341146,-0.571892605,5.629308849,0.133178644,10.4970814,20.57735679,2,0.557717246,all_sky
133,134,698,3,753,2.90904097,0.833394718,r,10388242,58239.23429,120,30,30,2.080632111,2.080632111,1.068092426,19.10450554,3.256610329,1.21179614,5.582318853,1.51113108,102.3138416,4.085960938,-0.259320168,0.412525634,2.245261979,98.48341146,-0.573572836,5.632556041,0.418536121,15.634592,20.83241105,2,0.793316765,AH_1DC
134,135,340,1,788,2.95746897,0.959058424,r,10388285,58239.23478,120,30,30,2.117421786,2.117421786,1.099754217,19.09187698,3.259706678,1.141584614,5.865395039,1.543164092,98.89044528,4.08604022,-0.259355971,0.414465607,2.247638728,98.48341146,-0.575129796,5.635585324,0.129225523,12.46160566,20.82493104,2,0.785160822,all_sky
135,136,709,3,789,3.148205357,0.959058424,r,10388326,58239.23527,120,30,30,2.092351093,2.092351093,1.078137803,19.10450554,3.262749248,1.187736178,6.112585542,1.452147186,103.114493,4.086118033,-0.25939113,0.416368263,2.249979785,98.48341146,-0.576653633,5.638569391,0.109426823,11.72410479,20.83224218,2,0.793131702,AH_1DC
136,137,710,3,790,3.340385655,0.959058424,r,10388369,58239.23576,120,30,30,2.090389173,2.090389173,1.076453447,19.06299019,3.265860659,1.191638111,0.121748031,1.371730117,106.4812747,4.086197512,-0.259427062,0.418310233,2.252379561,98.48341146,-0.578205684,5.641628564,0.110253497,12.66814834,20.81165771,2,0.770893925,AH_1DC
137,138,701,3,756,3.402516759,0.833394718,r,10388411,58239.23624,120,30,30,2.044818092,2.044818092,1.037626701,19.04928207,3.268879921,1.300672004,0.352678375,1.251489804,113.9299775,4.086274547,-0.259461908,0.420191059,2.254713844,98.48341146,-0.579705685,5.644604479,0.131474663,11.40447091,20.80635903,2,0.765271289,AH_1DC
138,139,472,2,716,3.355395487,0.707731012,r,10388450,58239.23669,120,30,30,2.012203297,2.012203297,1.010190083,18.98996735,3.271732284,1.428639387,0.488332161,1.180974047,119.4873851,4.086347242,-0.259494808,0.421964614,2.256924159,98.48341146,-0.581117239,5.647422541,0.130110123,9.115709146,20.77775922,6,0.735623391,high_cadence
139,140,317,1,756,3.402516759,0.833394718,r,10388489,58239.23714,120,30,30,2.044272012,2.044272012,1.037164902,19.04928207,3.274570837,1.302284735,0.339607893,1.25161117,113.9294739,4.086419506,-0.259527529,0.423726381,2.259128677,98.48341146,-0.582516602,5.650233377,0.130110123,8.926325139,20.80635903,2,0.765271289,all_sky
140,141,690,3,716,3.355395487,0.707731012,r,10388527,58239.23759,120,30,30,2.011832343,2.011832343,1.009879718,18.98996735,3.277394935,1.430803059,0.461828995,1.181104985,119.4868171,4.086491325,-0.259560065,0.425475992,2.261326841,98.48341146,-0.583903511,5.653036258,0.130110123,8.72810654,20.77775922,2,0.735623391,AH_1DC
141,142,484,2,757,3.573117283,0.833394718,r,10388569,58239.23808,120,30,30,2.069648903,2.069648903,1.058711921,18.93567848,3.280469944,1.236203225,0.641310213,1.185233183,116.1265892,4.086569436,-0.259595469,0.427377417,2.263725849,98.48341146,-0.585407573,5.65609538,0.200065092,12.16894803,20.74873045,6,0.706705169,high_cadence
142,143,473,2,717,3.505787192,0.707731012,r,10388612,58239.23856,120,30,30,2.029122511,2.029122511,1.024386364,18.89392853,3.283536995,1.352160173,0.903595116,1.107300543,122.1932626,4.086647254,-0.259630759,0.42927013,2.266124427,98.48341146,-0.586901411,5.659154085,0.13458487,12.05982404,20.72918091,6,0.687873445,high_cadence
143,144,286,1,716,3.355395487,0.707731012,r,10388658,58239.2391,120,30,30,2.011265637,2.011265637,1.009405646,18.98996735,3.28690137,1.434176332,0.415405643,1.181324297,119.4858634,4.086732512,-0.259669444,0.431341945,2.268762189,98.48341146,-0.588532756,5.662517924,0.114227903,16.13716416,20.77775922,2,0.735623391,all_sky
144,145,483,2,756,3.402516759,0.833394718,r,10388696,58239.23955,120,30,30,2.042932479,2.042932479,1.036032459,19.04928207,3.289715359,1.306286338,0.303975162,1.251933172,113.9281336,4.086803738,-0.25970178,0.433071289,2.270973805,98.48341146,-0.589891326,5.665338391,0.130110123,8.589466386,20.80635903,6,0.765271289,high_cadence
145,146,495,2,790,3.340385655,0.959058424,r,10388737,58239.24002,120,30,30,2.089262596,2.089262596,1.075486729,19.06299019,3.292703425,1.193900514,0.080330064,1.37227569,106.4789705,4.086879288,-0.259736095,0.434904064,2.273327612,98.48341146,-0.591328029,5.668340249,0.131474663,10.97666892,20.81165771,6,0.770893925,high_cadence
146,147,496,2,791,3.532565954,0.959058424,r,10388779,58239.24051,120,30,30,2.107232874,2.107232874,1.090948447,19.02699661,3.295780463,1.159575727,0.349327117,1.306062427,108.7980644,4.086956998,-0.259771408,0.436787574,2.275757311,98.48341146,-0.592801121,5.671438932,0.110253497,12.19677839,20.79302413,6,0.751301882,high_cadence
147,148,506,2,821,3.607013846,1.08472213,r,10388818,58239.24095,120,30,30,2.191991415,2.191991415,1.165059455,19.03541183,3.298594451,1.031996849,0.283295019,1.396559812,102.3319691,4.087027985,-0.259803683,0.438506638,2.277984477,98.48341146,-0.59414258,5.674279329,0.131460072,8.589466384,20.71059987,6,0.670440003,high_cadence
148,149,342,1,790,3.340385655,0.959058424,r,10388861,58239.24146,120,30,30,2.088988125,2.088988125,1.075251258,19.06299019,3.301756304,1.194454166,0.066239959,1.372458751,106.4781933,4.087107658,-0.259839924,0.440434285,2.280492883,98.48341146,-0.595643342,5.677478396,0.186631701,13.35988269,20.81165771,2,0.770893925,all_sky
149,150,494,2,789,3.148205357,0.959058424,r,10388904,58239.24195,120,30,30,2.095953159,2.095953159,1.081233007,19.10450554,3.304862876,1.180693671,6.051045409,1.453057062,103.1103756,4.087185846,-0.259875508,0.44232416,2.282963554,98.48341146,-0.597111107,5.680629303,0.110253497,12.60178366,20.83224218,6,0.793131702,high_cadence
150,151,504,2,819,3.141592654,1.08472213,r,10388943,58239.2424,120,30,30,2.171198536,2.171198536,1.146698478,19.07682037,3.307676864,1.059413951,6.128139286,1.533781907,97.25150763,4.087256591,-0.259907719,0.444032542,2.285206787,98.48341146,-0.598434827,5.683490103,0.125710499,8.589466386,20.73213876,6,0.690690141,high_cadence
151,152,341,1,789,3.148205357,0.959058424,r,10388981,58239.24284,120,30,30,2.096522813,2.096522813,1.081722828,19.10450554,3.310490853,1.17959387,6.043041964,1.453177801,103.1098254,4.087327262,-0.259939911,0.44573758,2.287455032,98.48341146,-0.599753002,5.686357226,0.125710499,8.589466384,20.83224218,2,0.793131702,all_sky
152,153,708,3,788,2.95746897,0.959058424,r,10389023,58239.24332,120,30,30,2.129033317,2.129033317,1.109823977,19.09187698,3.313513719,1.12217008,5.808588173,1.544376773,98.88467524,4.087403095,-0.259974471,0.447565435,2.289875761,98.48341146,-0.601162819,5.689444216,0.109426823,11.45389401,20.82493104,2,0.785160822,AH_1DC
153,154,314,1,753,2.90904097,0.833394718,r,10389065,58239.24381,120,30,30,2.097208134,2.097208134,1.082312222,19.10450554,3.316607506,1.178275683,5.520747628,1.512584809,102.3066795,4.087480619,-0.260009818,0.449432137,2.292359311,98.48341146,-0.60259903,5.692611187,0.129225523,12.42646436,20.83241105,2,0.793316765,all_sky
154,155,313,1,752,2.744549098,0.833394718,r,10389106,58239.24429,120,30,30,2.159438593,2.159438593,1.13636567,19.07682037,3.319575986,1.075858884,5.411389306,1.614380279,97.15025077,4.087554919,-0.260043711,0.451219372,2.294748022,98.48341146,-0.603970687,5.695657074,0.110530484,10.70808426,20.81661762,2,0.776194518,all_sky
155,156,282,1,712,2.753828316,0.707731012,r,10389148,58239.24477,120,30,30,2.139311662,2.139311662,1.118768179,19.05718994,3.3226389,1.105837939,5.146155856,1.565552527,101.2337448,4.087631496,-0.260078658,0.45305948,2.297218643,98.48341146,-0.605379397,5.698807231,0.125839074,12.003081,20.80757987,2,0.766563117,all_sky
156,157,250,1,669,2.875665562,0.582067306,r,10389191,58239.24527,120,30,30,2.08664894,2.08664894,1.073245284,19.03906631,3.325775249,1.199212537,4.831418464,1.42824336,109.8229051,4.087709819,-0.26011442,0.45493949,2.299754754,98.48341146,-0.606814922,5.702040676,0.158851724,13.01013613,20.8002527,2,0.758842456,all_sky
157,158,677,3,670,3.01273133,0.582067306,r,10389231,58239.24573,120,30,30,2.041516686,2.041516686,1.034836084,19.04330826,3.328682023,1.31058884,4.791384374,1.325728639,115.0299677,4.087782327,-0.260147541,0.456678058,2.302110894,98.48341146,-0.608139056,5.70504445,0.114467743,9.861879034,20.8037447,2,0.762512241,AH_1DC
158,159,252,1,671,3.149796923,0.582067306,r,10389270,58239.24619,120,30,30,2.013319276,2.013319276,1.011124018,19.00920486,3.331588797,1.422325001,4.748692762,1.228156808,119.7664808,4.087854757,-0.260180641,0.458412924,2.304472504,98.48341146,-0.609457088,5.708054966,0.114467597,9.86187339,20.78748462,2,0.745574031,all_sky
159,160,218,1,623,3.028944042,0.456403599,r,10389315,58239.24671,120,30,30,2.052186127,2.052186127,1.043865601,19.00985336,3.334862121,1.279867043,4.338106683,1.254047407,120.2256301,4.087936228,-0.260217889,0.460362106,2.307138487,98.48341146,-0.610933991,5.711453182,0.16361071,14.88854026,20.78673071,2,0.744797867,all_sky
160,161,219,1,624,3.15952469,0.456403599,r,10389358,58239.2472,120,30,30,2.023770601,2.023770601,1.019887209,18.94747925,3.337958962,1.372992775,4.057389866,1.152431188,125.2696903,4.088013216,-0.260253104,0.462201827,2.309667158,98.48341146,-0.612324081,5.714676046,0.117198648,12.4683486,20.75631541,2,0.714149684,all_sky
161,162,185,1,574,3.024148226,0.330739893,r,10389398,58239.24766,120,30,30,2.089254493,2.089254493,1.075479777,18.95380402,3.340861742,1.193916846,4.053563655,1.202378491,124.2937437,4.088085299,-0.26028609,0.463922387,2.312043064,98.48341146,-0.61362069,5.717703891,0.177167099,9.807099409,20.75758227,2,0.715400698,all_sky
162,163,672,3,624,3.15952469,0.456403599,r,10389437,58239.24812,120,30,30,2.024722509,2.024722509,1.020686864,18.94747925,3.343764522,1.369121213,4.075005964,1.152581435,125.2689175,4.088157306,-0.260319054,0.465639176,2.314424494,98.48341146,-0.614911107,5.720738448,0.177167099,9.807099408,20.75631541,2,0.714149684,AH_1DC
163,164,151,1,523,3.005887545,0.205076187,r,10389479,58239.24861,120,30,30,2.154847285,2.154847285,1.132341703,18.87957382,3.34680775,1.082483539,3.90290315,1.168450076,127.2438973,4.088232714,-0.26035359,0.467434961,2.316927096,98.48341146,-0.616257284,5.723927031,0.290043662,11.73312629,20.71841734,2,0.677720163,all_sky
164,165,186,1,575,3.147249266,0.330739893,r,10389519,58239.24907,120,30,30,2.059118834,2.059118834,1.049749538,18.86081886,3.349724573,1.261697793,3.801602897,1.098769755,129.6188568,4.088304911,-0.260386669,0.469152224,2.319331482,98.48341146,-0.617541105,5.726990087,0.185316018,9.999683328,20.71193241,2,0.671675404,all_sky
165,166,152,1,524,3.132862168,0.205076187,r,10389558,58239.24952,120,30,30,2.116245191,2.116245191,1.098735899,18.80623627,3.352562742,1.143614187,3.671814652,1.054493571,133.3098532,4.088375088,-0.260418834,0.470819469,2.321676434,98.48341146,-0.61878423,5.729977039,0.126426027,8.921059348,20.68280671,2,0.645184649,all_sky
166,167,670,3,525,3.259836791,0.201934594,r,10389601,58239.25002,120,30,30,2.096497848,2.096497848,1.081701359,18.63132858,3.355677541,1.179641991,3.379410156,0.941911259,139.1224449,4.088452021,-0.260454111,0.472644983,2.324256094,98.48341146,-0.620141593,5.733262486,0.124390596,12.71461278,20.59573496,2,0.572059201,AH_1DC