{
  "Observation":{
    "obsHistID": {"type": "Integer", "primaryKey": true},
    "fieldID": {"type": "Integer"},
    "filter": {"type": "Text"},
    "night": {"type": "Integer"},
    "visitTime": {"type": "Real"},
    "visitExpTime": {"type": "Real"},
    "airmass": {"type": "Real"},
    "filtSkyBright": {"type": "Real"},
    "fiveSigmaDepth": {"type": "Real"},
    "dist2Moon": {"type": "Real"},
    "dist2Moon_scheduled": {"type": "Real"},
    "propID": {"type": "Integer", "altNames": ["propID"]},
    "expMJD": {"type": "Real"},
    "expMJD_scheduled": {"type": "Real"},
    "subprogram": {"type": "Text"},
    "pathToFits": {"type": "Text"},
    "timestamp": {"type": "Real"},
    "azimuth": {"type": "Real"},
    "azimuth_scheduled": {"type": "Real"},
    "altitude": {"type": "Real"},
    "altitude_scheduled": {"type": "Real"},
    "mount_is_tracking": {"type" : "BOOL"},
    "rotator_is_enabled": {"type" : "BOOL"},
    "rotator_mech_position": {"type" : "Real"},
    "rotator_field_angle": {"type" : "Real"},
    "mount_ra_apparent_hours": {"type" : "Real"},
    "mount_dec_apparent_degs": {"type" : "Real"},
    "mount_ra_j2000_hours": {"type" : "Real"},
    "mount_dec_j2000_deg": {"type" : "Real"},
    "telescope_m3_port": {"type" : "Real"}
  },
  "Field":{
    "fieldID": {"type": "Integer", "primaryKey": true},
    "rightAscension": {"type": "Real", "altNames": ["fieldRA"]},
    "declination": {"type": "Real", "altNames": ["fieldDec"]}
  },
  "Night":{
    "nightID": {"type": "Integer", "primaryKey": true, "altNames": ["night"]},
    "avgTemp": {"type": "Real", "default": 273},
    "moonPhase": {"type": "Real"}
  }
}
